RLK	Kinase_LRR	RagTag.2643
RLK	Kinase_LRR_TM	RagTag.3869
RLK	Kinase_LRR	RagTag.850
RLK	Kinase_LRR_TM	RagTag.1245
RLK	Kinase_LRR_TM	RagTag.1646
RLK	Kinase_LRR_TM	RagTag.505
RLK	Kinase_LRR_TM	RagTag.2281
RLK	Kinase_LRR_TM	RagTag.929
RLK	Kinase_LRR_TM	RagTag.555
RLK	Kinase_LRR_TM	RagTag.1959
RLK	Kinase_LRR_TM	RagTag.252
RLK	Kinase_LRR_TM	RagTag.2267
RLK	Kinase_LRR_TM	RagTag.453
RLK	Kinase_LRR_TM	RagTag.421
RLK	Kinase_LRR_TM	RagTag.3367
RLK	Kinase_LRR_TM	RagTag.1960
RLK	Kinase_LRR_TM	RagTag.3212
RLK	Kinase_LRR_TM	RagTag.920
RLK	Kinase_LRR_TM	RagTag.4634
RLK	Kinase_LRR_TM	RagTag.588
RLK	Kinase_LRR_TM	RagTag.45
RLK	Kinase_LRR	RagTag.859
RLK	Kinase_LRR_TM	RagTag.3724
RLK	Kinase_LRR_TM	RagTag.1782
RLK	Kinase_LRR_TM	RagTag.911
RLK	Kinase_LRR_TM	RagTag.1945
RLK	Kinase_LRR_TM	RagTag.3512
RLK	Kinase_LRR_TM	RagTag.695
RLK	Kinase_LRR_TM	RagTag.1874
RLK	Kinase_LRR_TM	RagTag.2533
RLK	Kinase_LRR_TM	RagTag.2231
RLK	Kinase_LRR_TM	RagTag.231
RLK	Kinase_LRR_TM	RagTag.1610
RLK	Kinase_LRR_TM	RagTag.2306
RLK	Kinase_LRR_TM	RagTag.135
RLK	Kinase_LRR_TM	RagTag.3590
RLK	Kinase_LRR_TM	RagTag.4265
RLK	Kinase_LRR_TM	RagTag.3355
RLK	Kinase_LRR_TM	RagTag.2522
RLK	Kinase_LRR_TM	RagTag.404
RLK	Kinase_LRR_TM	RagTag.1957
RLK	Kinase_LRR_TM	RagTag.5366
RLK	Kinase_LRR_TM	RagTag.952
RLK	Kinase_LRR_TM	RagTag.814
RLK	Kinase_LRR_TM	RagTag.649
RLK	Kinase_LRR_TM	RagTag.811
RLK	Kinase_LRR_TM	RagTag.1158
RLK	Kinase_LRR_TM	RagTag.832
RLK	Kinase_LRR_TM	RagTag.1294
RLK	Kinase_LRR_TM	RagTag.1004
RLK	Kinase_LRR_TM	RagTag.465
RLK	Kinase_LRR_TM	RagTag.467
RLK	Kinase_LRR_TM	RagTag.552
RLK	Kinase_LRR_TM	RagTag.3115
RLK	Kinase_LRR_TM	RagTag.3352
RLK	Kinase_LRR_TM	RagTag.1026
RLK	Kinase_LRR_TM	RagTag.2232
RLK	Kinase_LRR_TM	RagTag.669
RLK	Kinase_LRR_TM	RagTag.2351
RLK	Kinase_LRR_TM	RagTag.3082
RLK	Kinase_LRR_TM	RagTag.60
RLK	Kinase_LRR_TM	RagTag.702
RLK	Kinase_LRR_TM	RagTag.3089
RLK	Kinase_LRR_TM	RagTag.791
RLK	Kinase_LRR_TM	RagTag.6262
RLK	Kinase_LRR_TM	RagTag.2948
RLK	Kinase_LRR_TM	RagTag.2494
RLK	Kinase_LRR_TM	RagTag.3924
RLK	Kinase_LRR_TM	RagTag.1774
RLK	Kinase_LRR_TM	RagTag.6024
RLK	Kinase_LRR_TM	RagTag.498
RLK	Kinase_LRR_TM	RagTag.2057
RLK	Kinase_LRR_TM	RagTag.1446
RLK	Kinase_LRR_TM	RagTag.2898
RLK	Kinase_LRR_TM	RagTag.2476
RLK	Kinase_LRR_TM	RagTag.1739
RLK	Kinase_LRR_TM	RagTag.807
RLK	Kinase_LRR_TM	2912.3
RLK	Kinase_LRR_TM	RagTag.1075
RLK	Kinase_LRR_TM	RagTag.4120
RLK	Kinase_LRR_TM	RagTag.1962
RLK	Kinase_LRR_TM	RagTag.310
RLK	Kinase_LRR_TM	RagTag.742
RLK	Kinase_LRR_TM	RagTag.180
RLK	Kinase_LRR_TM	RagTag.3234
RLK	Kinase_LRR_TM	RagTag.4191
RLK	Kinase_LRR_TM	RagTag.559
RLK	Kinase_LRR_TM	RagTag.3513
RLK	Kinase_LRR_TM	RagTag.3477
RLK	Kinase_LRR	3371.1
RLK	Kinase_LRR_TM	RagTag.3508
RLK	Kinase_LRR_TM	RagTag.2527
RLK	Kinase_LRR_TM	RagTag.3795
RLK	Kinase_LRR_TM	RagTag.918
RLK	Kinase_LRR_TM	RagTag.511
RLK	Kinase_LRR_TM	RagTag.4031
RLK	Kinase_LRR_TM	RagTag.3330
RLK	Kinase_LRR_TM	RagTag.1491
RLK	Kinase_LRR_TM	RagTag.1611
RLK	Kinase_LRR	RagTag.2218
RLK	Kinase_LRR_TM	RagTag.1688
RLK	Kinase_LRR_TM	RagTag.1119
RLK	Kinase_LRR_TM	RagTag.746
RLK	Kinase_LRR_TM	RagTag.1435
RLK	Kinase_LRR_TM	RagTag.3547
RLK	Kinase_LRR_TM	RagTag.2919
RLK	Kinase_LRR	RagTag.2221
RLK	Kinase_LRR_TM	RagTag.3333
RLK	Kinase_LRR_TM	RagTag.4693
RLK	Kinase_LRR_TM	RagTag.3772
RLK	Kinase_LRR_TM	RagTag.986
RLK	Kinase_LRR_TM	RagTag.1347
RLK	Kinase_LRR_TM	RagTag.1346
RLK	Kinase_LRR_TM	RagTag.4333
KIN	Kinase_TM	RagTag.779
KIN	Kinase_TM	RagTag.3309
KIN	Kinase_TM	RagTag.1409
KIN	Kinase_TM	RagTag.3128
KIN	Kinase_TM	RagTag.1041
KIN	Kinase_TM	1062.3
KIN	Kinase	RagTag.2038
KIN	Kinase	RagTag.1609
KIN	Kinase	RagTag.911
KIN	Kinase_TM	RagTag.3518
KIN	Kinase_TM	RagTag.1218
KIN	Kinase	RagTag.2648
KIN	Kinase_TM	RagTag.1887
KIN	Kinase_TM	RagTag.3346
KIN	Kinase_TM	RagTag.269
KIN	Kinase_TM	RagTag.2266
KIN	Kinase_TM	RagTag.308
KIN	Kinase_TM	RagTag.260
KIN	Kinase_TM	RagTag.2050
KIN	Kinase_TM	275.2
KIN	Kinase	RagTag.2490
KIN	Kinase_TM	RagTag.1707
KIN	Kinase	600.5
KIN	Kinase_TM	RagTag.1565
KIN	Kinase_TM	RagTag.2085
KIN	Kinase_TM	RagTag.1708
KIN	Kinase_TM	RagTag.1709
KIN	Kinase_TM	RagTag.956
KIN	Kinase_TM	RagTag.292
KIN	Kinase_TM	RagTag.3118
KIN	Kinase_TM	RagTag.1744
KIN	Kinase_TM	RagTag.4401
KIN	Kinase	RagTag.708
KIN	Kinase	RagTag.633
KIN	Kinase	RagTag.1493
KIN	Kinase_TM	RagTag.524
KIN	Kinase_TM	RagTag.5140
KIN	Kinase_TM	RagTag.5148
KIN	Kinase	RagTag.478
KIN	Kinase	RagTag.1480
KIN	Kinase_TM	RagTag.1129
KIN	Kinase_TM	RagTag.330
KIN	Kinase_TM	RagTag.3284
KIN	Kinase	RagTag.540
KIN	Kinase_TM	RagTag.1585
KIN	Kinase	RagTag.1466
KIN	Kinase	RagTag.347
KIN	Kinase_TM	RagTag.1462
KIN	Kinase_TM	RagTag.1461
KIN	Kinase	RagTag.2789
KIN	Kinase_TM	RagTag.1479
KIN	Kinase	RagTag.1128
KIN	Kinase	RagTag.2805
KIN	Kinase	RagTag.68
KIN	Kinase	RagTag.3129
KIN	Kinase_TM	RagTag.2273
KIN	Kinase	RagTag.3827
KIN	Kinase_TM	RagTag.3562
KIN	Kinase_TM	RagTag.1249
KIN	Kinase	RagTag.2931
KIN	Kinase_TM	RagTag.3561
KIN	Kinase_TM	RagTag.4343
KIN	Kinase_TM	RagTag.3701
KIN	Kinase	1185.4
KIN	Kinase_TM	RagTag.6072
KIN	Kinase_TM	RagTag.1244
KIN	Kinase_TM	RagTag.4400
KIN	Kinase_TM	RagTag.70
KIN	Kinase_TM	RagTag.3717
KIN	Kinase_TM	RagTag.3004
KIN	Kinase	RagTag.136
KIN	Kinase	RagTag.175
KIN	Kinase_TM	RagTag.1160
KIN	Kinase	RagTag.3259
KIN	Kinase_TM	RagTag.2152
KIN	Kinase_TM	RagTag.3602
KIN	Kinase_TM	RagTag.294
KIN	Kinase_TM	RagTag.292
KIN	Kinase_TM	RagTag.1994
KIN	Kinase_TM	RagTag.3247
KIN	Kinase_TM	RagTag.2301
KIN	Kinase	RagTag.2304
KIN	Kinase_TM	RagTag.4526
KIN	Kinase_TM	RagTag.5856
KIN	Kinase	RagTag.1129
KIN	Kinase_TM	RagTag.1687
KIN	Kinase_TM	RagTag.1684
KIN	Kinase	RagTag.5033
KIN	Kinase_TM	RagTag.5031
KIN	Kinase	RagTag.912
KIN	Kinase_TM	RagTag.1052
KIN	Kinase	RagTag.435
KIN	Kinase_TM	RagTag.346
KIN	Kinase_TM	RagTag.2158
KIN	Kinase_TM	RagTag.284
KIN	Kinase_TM	RagTag.2446
KIN	Kinase	2889.2
KIN	Kinase_TM	RagTag.854
KIN	Kinase	RagTag.1754
KIN	Kinase	RagTag.1650
KIN	Kinase_TM	2889.3
KIN	Kinase_TM	RagTag.1420
KIN	Kinase_TM	RagTag.139
KIN	Kinase_TM	RagTag.5105
KIN	Kinase_TM	RagTag.4453
KIN	Kinase_TM	RagTag.1052
KIN	Kinase_TM	RagTag.1578
KIN	Kinase_TM	RagTag.1055
KIN	Kinase	RagTag.910
KIN	Kinase_TM	RagTag.3396
KIN	Kinase_TM	RagTag.70
KIN	Kinase_TM	RagTag.3390
KIN	Kinase	RagTag.3854
KIN	Kinase_TM	RagTag.3167
KIN	Kinase_TM	RagTag.2015
KIN	Kinase_TM	RagTag.328
KIN	Kinase	RagTag.3846
KIN	Kinase	RagTag.6099
KIN	Kinase	RagTag.3000
KIN	Kinase_TM	RagTag.3713
KIN	Kinase_TM	RagTag.3856
KIN	Kinase	RagTag.1022
KIN	Kinase	RagTag.1603
KIN	Kinase_TM	RagTag.2207
KIN	Kinase_TM	RagTag.2210
KIN	Kinase_TM	RagTag.2098
KIN	Kinase_TM	RagTag.2090
KIN	Kinase_TM	RagTag.1324
KIN	Kinase	RagTag.236
KIN	Kinase_TM	RagTag.336
KIN	Kinase	RagTag.2517
KIN	Kinase	RagTag.831
KIN	Kinase_TM	RagTag.689
KIN	Kinase	RagTag.2307
KIN	Kinase	RagTag.1572
KIN	Kinase_TM	RagTag.232
KIN	Kinase_TM	RagTag.1609
KIN	Kinase_TM	RagTag.590
KIN	Kinase_TM	RagTag.1485
KIN	Kinase	RagTag.493
KIN	Kinase_TM	RagTag.1919
KIN	Kinase_TM	RagTag.3
KIN	Kinase	RagTag.390
KIN	Kinase_TM	RagTag.4194
KIN	Kinase_TM	RagTag.4195
KIN	Kinase_TM	598.2
KIN	Kinase_TM	RagTag.783
KIN	Kinase	RagTag.1404
KIN	Kinase_TM	RagTag.234
KIN	Kinase_TM	RagTag.406
KIN	Kinase_TM	RagTag.4103
KIN	Kinase_TM	RagTag.1273
KIN	Kinase_TM	RagTag.1658
KIN	Kinase	RagTag.54
KIN	Kinase_TM	RagTag.31
KIN	Kinase	RagTag.913
KIN	Kinase_TM	RagTag.239
KIN	Kinase_TM	RagTag.776
KIN	Kinase_TM	RagTag.3382
KIN	Kinase_TM	RagTag.1956
KIN	Kinase_TM	RagTag.6077
KIN	Kinase_TM	RagTag.6071
KIN	Kinase	RagTag.252
KIN	Kinase	RagTag.1634
KIN	Kinase_TM	RagTag.812
KIN	Kinase_TM	RagTag.281
KIN	Kinase	RagTag.1242
KIN	Kinase_TM	RagTag.1573
KIN	Kinase_TM	RagTag.2076
KIN	Kinase_TM	RagTag.3110
KIN	Kinase	RagTag.2888
KIN	Kinase_TM	RagTag.960
KIN	Kinase_TM	RagTag.408
KIN	Kinase_TM	RagTag.3008
KIN	Kinase_TM	RagTag.3302
KIN	Kinase_TM	RagTag.684
KIN	Kinase_TM	RagTag.261
KIN	Kinase_TM	RagTag.2861
KIN	Kinase_TM	RagTag.267
KIN	Kinase_TM	RagTag.2018
KIN	Kinase_TM	RagTag.639
KIN	Kinase_TM	RagTag.499
KIN	Kinase	RagTag.1127
KIN	Kinase	RagTag.1728
KIN	Kinase	RagTag.2903
KIN	Kinase_TM	275.3
KIN	Kinase_TM	RagTag.866
KIN	Kinase_TM	RagTag.5151
KIN	Kinase_TM	RagTag.1133
KIN	Kinase_TM	RagTag.2592
KIN	Kinase_TM	3668.1
KIN	Kinase_TM	RagTag.360
KIN	Kinase_TM	RagTag.2984
KIN	Kinase	RagTag.2656
KIN	Kinase_TM	RagTag.445
KIN	Kinase_TM	RagTag.1573
KIN	Kinase_TM	RagTag.1579
KIN	Kinase_TM	RagTag.1566
KIN	Kinase	RagTag.6078
KIN	Kinase_TM	RagTag.462
KIN	Kinase_TM	RagTag.3658
KIN	Kinase_TM	RagTag.223
KIN	Kinase_TM	RagTag.3358
KIN	Kinase_TM	RagTag.3363
KIN	Kinase_TM	RagTag.663
KIN	Kinase_TM	RagTag.3860
KIN	Kinase_TM	RagTag.2641
KIN	Kinase_TM	RagTag.283
KIN	Kinase	RagTag.1010
KIN	Kinase	RagTag.407
KIN	Kinase_TM	RagTag.282
KIN	Kinase_TM	RagTag.3817
KIN	Kinase_TM	1585.5
KIN	Kinase_TM	RagTag.699
KIN	Kinase_TM	RagTag.1883
KIN	Kinase	RagTag.1880
KIN	Kinase	RagTag.1881
KIN	Kinase	RagTag.2086
KIN	Kinase_TM	RagTag.749
KIN	Kinase	RagTag.1744
KIN	Kinase_TM	RagTag.205
KIN	Kinase	RagTag.908
KIN	Kinase	RagTag.3011
KIN	Kinase	RagTag.3012
KIN	Kinase_TM	RagTag.347
KIN	Kinase	RagTag.629
KIN	Kinase_TM	RagTag.3968
KIN	Kinase	RagTag.103
KIN	Kinase_TM	RagTag.4350
KIN	Kinase_TM	RagTag.1193
KIN	Kinase_TM	RagTag.2879
KIN	Kinase_TM	RagTag.3361
KIN	Kinase_TM	RagTag.168
KIN	Kinase_TM	RagTag.2956
KIN	Kinase_TM	RagTag.2521
KIN	Kinase_TM	RagTag.698
KIN	Kinase	RagTag.940
KIN	Kinase_TM	RagTag.194
KIN	Kinase_TM	RagTag.1882
KIN	Kinase	RagTag.2378
KIN	Kinase	RagTag.3253
KIN	Kinase_TM	RagTag.446
KIN	Kinase_TM	RagTag.383
KIN	Kinase_TM	RagTag.2949
KIN	Kinase_TM	RagTag.4517
KIN	Kinase	RagTag.298
KIN	Kinase	RagTag.5741
KIN	Kinase_TM	RagTag.3402
KIN	Kinase	RagTag.229
KIN	Kinase_TM	RagTag.3332
KIN	Kinase_TM	RagTag.2112
KIN	Kinase	RagTag.2612
KIN	Kinase	RagTag.2999
KIN	Kinase_TM	RagTag.3537
KIN	Kinase_TM	RagTag.330
KIN	Kinase	RagTag.3347
KIN	Kinase	RagTag.5103
KIN	Kinase_TM	RagTag.1957
KIN	Kinase	RagTag.2794
KIN	Kinase_TM	RagTag.2795
KIN	Kinase_TM	RagTag.1538
KIN	Kinase_TM	RagTag.1534
KIN	Kinase_TM	RagTag.2464
KIN	Kinase_TM	RagTag.4341
KIN	Kinase_TM	RagTag.2963
KIN	Kinase	RagTag.1436
KIN	Kinase_TM	RagTag.1561
KIN	Kinase_TM	RagTag.5113
KIN	Kinase_TM	RagTag.4582
KIN	Kinase_TM	RagTag.3006
KIN	Kinase_TM	RagTag.5565
KIN	Kinase_TM	RagTag.610
KIN	Kinase_TM	RagTag.967
KIN	Kinase_TM	RagTag.262
KIN	Kinase	1250.4
KIN	Kinase_TM	RagTag.1131
KIN	Kinase_TM	RagTag.1582
KIN	Kinase_TM	RagTag.1039
KIN	Kinase_TM	RagTag.1466
KIN	Kinase_TM	RagTag.1243
KIN	Kinase	RagTag.1244
KIN	Kinase_TM	RagTag.6317
KIN	Kinase_TM	RagTag.1995
KIN	Kinase	RagTag.207
KIN	Kinase	RagTag.1659
KIN	Kinase_TM	RagTag.1993
KIN	Kinase_TM	RagTag.1576
KIN	Kinase_TM	RagTag.829
KIN	Kinase_TM	RagTag.3013
KIN	Kinase_TM	RagTag.3059
KIN	Kinase	RagTag.628
KIN	Kinase_TM	RagTag.547
KIN	Kinase_TM	RagTag.2421
KIN	Kinase	RagTag.3847
KIN	Kinase_TM	RagTag.4181
KIN	Kinase	RagTag.4183
KIN	Kinase_TM	RagTag.1878
KIN	Kinase_TM	RagTag.4185
KIN	Kinase_TM	RagTag.3314
KIN	Kinase_TM	RagTag.1480
KIN	Kinase_TM	RagTag.1609
KIN	Kinase_TM	RagTag.4175
KIN	Kinase_TM	RagTag.4176
KIN	Kinase_TM	RagTag.4177
KIN	Kinase	RagTag.3433
KIN	Kinase_TM	RagTag.961
KIN	Kinase_TM	RagTag.245
KIN	Kinase_TM	RagTag.1349
KIN	Kinase_TM	RagTag.248
KIN	Kinase	RagTag.1056
KIN	Kinase_TM	RagTag.1664
KIN	Kinase_TM	RagTag.4188
KIN	Kinase_TM	RagTag.5662
KIN	Kinase	RagTag.4078
KIN	Kinase_TM	RagTag.1856
KIN	Kinase_TM	RagTag.2020
KIN	Kinase	RagTag.5794
KIN	Kinase_TM	RagTag.281
KIN	Kinase_TM	RagTag.2529
KIN	Kinase_TM	RagTag.1911
KIN	Kinase_TM	RagTag.482
KIN	Kinase_TM	RagTag.2841
KIN	Kinase	RagTag.2422
KIN	Kinase	1558.9
KIN	Kinase	RagTag.3653
KIN	Kinase_TM	RagTag.577
KIN	Kinase_TM	RagTag.2427
KIN	Kinase_TM	RagTag.2191
KIN	Kinase_TM	RagTag.1178
KIN	Kinase	RagTag.420
KIN	Kinase_TM	RagTag.423
KIN	Kinase_TM	RagTag.424
KIN	Kinase_TM	RagTag.2086
KIN	Kinase_TM	RagTag.597
KIN	Kinase_TM	RagTag.3176
KIN	Kinase_TM	RagTag.593
KIN	Kinase_TM	RagTag.2468
KIN	Kinase_TM	RagTag.4724
KIN	Kinase	RagTag.4727
KIN	Kinase	RagTag.1850
KIN	Kinase	RagTag.4689
KIN	Kinase	RagTag.517
KIN	Kinase_TM	RagTag.470
KIN	Kinase_TM	RagTag.59
KIN	Kinase_TM	RagTag.2838
KIN	Kinase_TM	RagTag.111
KIN	Kinase_TM	RagTag.3591
KIN	Kinase_TM	RagTag.2292
KIN	Kinase_TM	RagTag.1798
KIN	Kinase_TM	RagTag.2781
KIN	Kinase_TM	RagTag.731
KIN	Kinase_TM	RagTag.1303
KIN	Kinase_TM	RagTag.1313
KIN	Kinase_TM	RagTag.1891
KIN	Kinase_TM	RagTag.1890
KIN	Kinase_TM	RagTag.1593
KIN	Kinase_TM	RagTag.2603
KIN	Kinase_TM	RagTag.1514
KIN	Kinase_TM	RagTag.1515
KIN	Kinase	RagTag.231
KIN	Kinase_TM	RagTag.239
KIN	Kinase	RagTag.3978
KIN	Kinase_TM	RagTag.3818
KIN	Kinase_TM	RagTag.5902
KIN	Kinase_TM	3074.2
KIN	Kinase	RagTag.2160
KIN	Kinase	3074.4
KIN	Kinase	RagTag.4066
KIN	Kinase_TM	RagTag.5991
KIN	Kinase	RagTag.240
KIN	Kinase_TM	RagTag.2111
KIN	Kinase_TM	RagTag.679
KIN	Kinase_TM	RagTag.1185
KIN	Kinase_TM	RagTag.4192
KIN	Kinase_TM	RagTag.27
KIN	Kinase_TM	RagTag.1896
KIN	Kinase_TM	3278.5
KIN	Kinase	RagTag.937
KIN	Kinase	RagTag.210
KIN	Kinase_TM	RagTag.5317
KIN	Kinase_TM	RagTag.1254
KIN	Kinase_TM	RagTag.372
KIN	Kinase	RagTag.2369
KIN	Kinase	RagTag.1895
KIN	Kinase_TM	RagTag.469
KIN	Kinase_TM	RagTag.6014
KIN	Kinase_TM	RagTag.328
KIN	Kinase_TM	RagTag.3507
KIN	Kinase_TM	1555.3
KIN	Kinase_TM	RagTag.939
KIN	Kinase_TM	RagTag.4971
KIN	Kinase_TM	RagTag.931
KIN	Kinase	RagTag.549
KIN	Kinase_TM	RagTag.933
KIN	Kinase	RagTag.932
KIN	Kinase_TM	RagTag.5282
KIN	Kinase_TM	RagTag.789
KIN	Kinase	RagTag.1076
KIN	Kinase	RagTag.4800
KIN	Kinase_TM	RagTag.4801
KIN	Kinase_TM	RagTag.831
KIN	Kinase_TM	RagTag.1247
KIN	Kinase_TM	RagTag.2410
KIN	Kinase	RagTag.1528
KIN	Kinase	RagTag.3985
KIN	Kinase	RagTag.3984
KIN	Kinase_TM	RagTag.952
KIN	Kinase_TM	RagTag.2185
KIN	Kinase	RagTag.2414
KIN	Kinase_TM	RagTag.3842
KIN	Kinase_TM	RagTag.1088
KIN	Kinase_TM	RagTag.1505
KIN	Kinase_TM	RagTag.1027
KIN	Kinase_TM	RagTag.1508
KIN	Kinase_TM	RagTag.2467
KIN	Kinase_TM	RagTag.849
KIN	Kinase_TM	RagTag.2382
KIN	Kinase_TM	RagTag.2553
KIN	Kinase_TM	RagTag.982
KIN	Kinase_TM	RagTag.4344
KIN	Kinase	RagTag.447
KIN	Kinase_TM	RagTag.649
KIN	Kinase	RagTag.1155
KIN	Kinase_TM	RagTag.3983
KIN	Kinase_TM	RagTag.1457
KIN	Kinase_TM	RagTag.2487
KIN	Kinase_TM	RagTag.3937
KIN	Kinase_TM	RagTag.1858
KIN	Kinase_TM	RagTag.1153
KIN	Kinase_TM	RagTag.4197
KIN	Kinase_TM	RagTag.3277
KIN	Kinase	RagTag.1152
KIN	Kinase_TM	1510.2
KIN	Kinase	RagTag.1189
KIN	Kinase_TM	RagTag.3307
KIN	Kinase_TM	RagTag.437
KIN	Kinase	RagTag.2923
KIN	Kinase_TM	RagTag.2922
KIN	Kinase_TM	RagTag.4622
KIN	Kinase_TM	RagTag.4191
KIN	Kinase_TM	RagTag.2095
KIN	Kinase_TM	RagTag.1671
KIN	Kinase_TM	RagTag.687
KIN	Kinase	RagTag.341
KIN	Kinase	RagTag.683
KIN	Kinase	RagTag.342
KIN	Kinase	RagTag.2420
KIN	Kinase	RagTag.688
KIN	Kinase_TM	RagTag.236
KIN	Kinase_TM	RagTag.554
KIN	Kinase_TM	RagTag.3403
KIN	Kinase_TM	RagTag.3415
KIN	Kinase_TM	RagTag.3469
KIN	Kinase_TM	RagTag.2144
KIN	Kinase	RagTag.1687
KIN	Kinase_TM	RagTag.1739
KIN	Kinase_TM	RagTag.1735
KIN	Kinase	RagTag.1407
KIN	Kinase_TM	RagTag.4527
KIN	Kinase	RagTag.3823
KIN	Kinase_TM	RagTag.3822
KIN	Kinase	RagTag.745
KIN	Kinase_TM	RagTag.1038
KIN	Kinase_TM	RagTag.1825
KIN	Kinase_TM	RagTag.881
KIN	Kinase_TM	RagTag.1037
KIN	Kinase_TM	RagTag.1138
KIN	Kinase_TM	RagTag.2464
KIN	Kinase_TM	RagTag.1032
KIN	Kinase_TM	RagTag.678
KIN	Kinase_TM	RagTag.3548
KIN	Kinase	RagTag.3313
KIN	Kinase_TM	RagTag.3312
KIN	Kinase_TM	RagTag.57
KIN	Kinase_TM	RagTag.1716
KIN	Kinase_TM	RagTag.2963
KIN	Kinase_TM	RagTag.908
KIN	Kinase_TM	RagTag.1087
KIN	Kinase	RagTag.2523
KIN	Kinase	RagTag.5139
KIN	Kinase_TM	RagTag.3402
KIN	Kinase_TM	RagTag.685
KIN	Kinase_TM	RagTag.3536
KIN	Kinase_TM	RagTag.2013
KIN	Kinase_TM	RagTag.1517
KIN	Kinase_TM	RagTag.589
KIN	Kinase	RagTag.2755
KIN	Kinase_TM	RagTag.334
KIN	Kinase_TM	RagTag.1049
KIN	Kinase	RagTag.861
KIN	Kinase_TM	RagTag.681
KIN	Kinase_TM	RagTag.1040
KIN	Kinase_TM	RagTag.3884
KIN	Kinase	648.1
KIN	Kinase_TM	RagTag.1047
KIN	Kinase	RagTag.248
KIN	Kinase_TM	RagTag.1471
KIN	Kinase_TM	RagTag.3321
KIN	Kinase_TM	RagTag.123
KIN	Kinase_TM	RagTag.1151
KIN	Kinase	RagTag.339
KIN	Kinase_TM	RagTag.2131
KIN	Kinase	RagTag.887
KIN	Kinase_TM	RagTag.3178
KIN	Kinase	RagTag.3310
KIN	Kinase	RagTag.3402
KIN	Kinase_TM	RagTag.4342
KIN	Kinase_TM	RagTag.1166
KIN	Kinase_TM	RagTag.571
KIN	Kinase	RagTag.1422
KIN	Kinase_TM	RagTag.1739
KIN	Kinase_TM	RagTag.4193
KIN	Kinase_TM	RagTag.563
KIN	Kinase_TM	RagTag.562
KIN	Kinase_TM	RagTag.229
KIN	Kinase	RagTag.566
KIN	Kinase_TM	RagTag.1732
LYS	LYSM_TM	RagTag.3176
LYS	LYSM_TM	RagTag.2405
LYS	LYSM_TM	RagTag.222
LYS	LYSM_TM	RagTag.744
LYS	LYSM	RagTag.879
LYS	LYSM	RagTag.6187
LYS	LYSM	RagTag.2878
LYS	LYSM	RagTag.66
LYS	LYSM	RagTag.3336
LYS	LYSM_TM	RagTag.1072
LYS	LYSM_TM	RagTag.4049
LYS	LYSM_TM	RagTag.4482
LYS	LYSM	RagTag.2233
LYS	LYSM_TM	RagTag.610
RLP	LRR_TM	RagTag.651
RLP	LRR_TM	RagTag.596
RLP	LRR_TM	RagTag.2859
RLP	LRR_TM	RagTag.2518
RLP	LRR_TM	RagTag.967
RLP	LRR_TM	RagTag.504
RLP	LRR_TM	RagTag.1246
RLP	LRR_TM	RagTag.2275
RLP	LRR_TM	RagTag.2051
RLP	LRR_TM	RagTag.2422
RLP	LRR_TM	RagTag.2515
RLP	LRR_TM	RagTag.1348
RLP	LRR_TM	RagTag.2539
RLP	LRR_TM	RagTag.2532
RLP	LRR_TM	RagTag.2537
RLP	LRR_TM	RagTag.3026
RLP	LRR_TM	RagTag.3025
RLP	LRR_TM	RagTag.2858
RLP	LRR_TM	676.5
RLP	LRR_TM	RagTag.2734
RLP	LRR_TM	RagTag.2717
RLP	LRR_TM	2919.1
RLP	LRR_TM	RagTag.779
RLP	LRR_TM	RagTag.2083
RLP	LRR_TM	RagTag.4150
RLP	LRR_TM	RagTag.2547
RLP	LRR_TM	RagTag.1513
RLP	LRR_TM	RagTag.580
RLP	LRR_TM	RagTag.5585
RLP	LRR_TM	2913.1
RLP	LRR_TM	RagTag.987
RLP	LRR_TM	RagTag.794
RLP	LRR_TM	RagTag.651
RLP	LRR_TM	RagTag.3852
RLP	LRR_TM	RagTag.357
RLP	LRR_TM	RagTag.2715
RLP	LRR_TM	RagTag.1719
RLP	LRR_TM	RagTag.2706
RLP	LRR_TM	RagTag.2285
RLP	LRR_TM	RagTag.4274
RLP	LRR_TM	RagTag.3956
RLP	LRR_TM	RagTag.3591
RLP	LRR_TM	RagTag.2130
RLP	LRR_TM	RagTag.1044
RLP	LRR_TM	RagTag.3682
RLP	LRR_TM	RagTag.1705
RLP	LRR_TM	RagTag.6254
RLP	LRR_TM	RagTag.2579
RLP	LRR_TM	RagTag.4008
RLP	LRR_TM	RagTag.2460
RLP	LRR_TM	RagTag.439
RLP	LRR_TM	RagTag.3598
RLP	LRR_TM	RagTag.6142
RLP	LRR_TM	RagTag.3535
RLP	LRR_TM	RagTag.810
RLP	LRR_TM	RagTag.616
RLP	LRR_TM	RagTag.2500
RLP	LRR_TM	RagTag.2501
RLP	LRR_TM	RagTag.3987
RLP	LRR_TM	RagTag.928
RLP	LRR_TM	RagTag.3033
RLP	LRR_TM	RagTag.3035
RLP	LRR_TM	RagTag.3039
RLP	LRR_TM	RagTag.2765
RLP	LRR_TM	RagTag.4610
RLP	LRR_TM	RagTag.4593
RLP	LRR_TM	RagTag.1387
RLP	LRR_TM	RagTag.2548
RLP	LRR_TM	RagTag.2549
RLP	LRR_TM	RagTag.2540
RLP	LRR_TM	RagTag.2851
RLP	LRR_TM	RagTag.1958
RLP	LRR_TM	RagTag.780
RLP	LRR_TM	RagTag.1715
RLP	LRR_TM	RagTag.348
RLP	LRR_TM	RagTag.792
RLP	LRR_TM	RagTag.2729
RLP	LRR_TM	RagTag.3763
RLP	LRR_TM	RagTag.3766
RLP	LRR_TM	RagTag.2576
RLP	LRR_TM	RagTag.3842
RLP	LRR_TM	RagTag.3844
RLP	LRR_TM	RagTag.3614
RLP	LRR_TM	RagTag.2569
RLP	LRR_TM	RagTag.243
RLP	LRR_TM	RagTag.241
RLP	LRR_TM	RagTag.497
RLP	LRR_TM	RagTag.2297
RLP	LRR_TM	RagTag.409
RLP	LRR_TM	RagTag.408
RLP	LRR_TM	RagTag.3723
RLP	LRR_TM	RagTag.4008
RLP	LRR_TM	RagTag.3112
RLP	LRR_TM	2503.2
RLP	LRR_TM	RagTag.3044
RLP	LRR_TM	RagTag.3045
RLP	LRR_TM	RagTag.3040
RLP	LRR_TM	RagTag.471
RLP	LRR_TM	RagTag.3191
RLP	LRR_TM	RagTag.2500
RLP	LRR_TM	RagTag.1893
RLP	LRR_TM	RagTag.235
RLP	LRR_TM	RagTag.121
RLP	LRR_TM	RagTag.183
RLP	LRR_TM	RagTag.8
RLP	LRR_TM	RagTag.2182
RLP	LRR_TM	RagTag.1784
RLP	LRR_TM	RagTag.28
RLP	LRR_TM	RagTag.3056
RLP	LRR_TM	RagTag.2550
RLP	LRR_TM	RagTag.2846
RLP	LRR_TM	RagTag.3506
RLP	LRR_TM	RagTag.2790
RLP	LRR_TM	RagTag.2529
RLP	LRR_TM	RagTag.3602
RLP	LRR_TM	RagTag.2738
RLP	LRR_TM	RagTag.78
RLP	LRR_TM	RagTag.1617
RLP	LRR_TM	RagTag.3946
RLP	LRR_TM	RagTag.3947
RLP	LRR_TM	RagTag.1689
RLP	LRR_TM	RagTag.6117
RLP	LRR_TM	RagTag.4037
RLP	LRR_TM	RagTag.2217
RLP	LRR_TM	RagTag.1508
RLP	LRR_TM	RagTag.2126
RLP	LRR_TM	RagTag.334
RLP	LRR_TM	RagTag.1068
RLP	LRR_TM	RagTag.3203
RLP	LRR_TM	RagTag.562
RLP	LRR_TM	3964.3
RLP	LRR_TM	RagTag.3055
RLP	LRR_TM	RagTag.3051
TRAN	TM	RagTag.1137
TRAN	TM	RagTag.1608
TRAN	TM	RagTag.856
TRAN	TM	RagTag.3590
TRAN	TM	RagTag.3564
TRAN	TM	RagTag.2137
TRAN	TM	RagTag.295
TRAN	TM	RagTag.409
TRAN	TM	RagTag.2015
TRAN	TM	RagTag.1082
TRAN	TM	RagTag.3452
TRAN	TM	RagTag.3589
TRAN	TM	RagTag.3587
TRAN	TM	RagTag.3498
TRAN	TM	RagTag.404
TRAN	TM	RagTag.3469
TRAN	TM	RagTag.344
TRAN	TM	RagTag.860
TRAN	TM	RagTag.401
TRAN	TM	RagTag.874
TRAN	TM	RagTag.429
TRAN	TM	RagTag.127
TRAN	TM	RagTag.365
TRAN	TM	RagTag.2525
TRAN	TM	RagTag.3074
TRAN	TM	RagTag.2828
TRAN	TM	RagTag.1732
LYK	Kinase_LYSM_TM	RagTag.549
LYK	Kinase_LYSM_TM	RagTag.2955
LYK	Kinase_LYSM_TM	RagTag.679
LYK	Kinase_LYSM_TM	RagTag.678
LYK	Kinase_LYSM_TM	RagTag.2225
LYK	Kinase_LYSM_TM	RagTag.683
LYK	Kinase_LYSM_TM	RagTag.2843
LYK	Kinase_LYSM_TM	RagTag.4081
LYK	Kinase_LYSM_TM	RagTag.2226
NL	LRR_NBS_TM	RagTag.290
NL	LRR_NBS_TM	RagTag.3458
NL	LRR_NBS_TM	RagTag.2609
NL	LRR_NBS_TM	RagTag.436
NL	LRR_NBS_TM	RagTag.1183
NL	LRR_NBS_TM	RagTag.1229
NL	LRR_NBS_TM	RagTag.4059
NL	LRR_NBS_TM	RagTag.45
NL	LRR_NBS_TM	RagTag.443
NL	LRR_NBS	RagTag.4061
NL	LRR_NBS_TM	RagTag.2100
NL	LRR_NBS_TM	RagTag.318
NL	LRR_NBS_TM	RagTag.615
NL	LRR_NBS_TM	RagTag.1851
NL	LRR_NBS_TM	RagTag.445
NL	LRR_NBS_TM	RagTag.4545
NL	LRR_NBS_TM	RagTag.439
NL	LRR_NBS_TM	RagTag.1031
LECRK	Kinase_LECM_TM	RagTag.3783
LECRK	Kinase_LECM_TM	RagTag.3660
LECRK	Kinase_LECM_TM	RagTag.3810
LECRK	Kinase_LECM_TM	RagTag.5142
LECRK	Kinase_LECM_TM	RagTag.2013
LECRK	Kinase_LECM_TM	RagTag.2012
LECRK	Kinase_LECM_TM	RagTag.1169
LECRK	Kinase_LECM_TM	RagTag.291
LECRK	Kinase_LECM_TM	RagTag.5037
LECRK	Kinase_LECM_TM	RagTag.1424
LECRK	Kinase_LECM_TM	RagTag.945
LECRK	Kinase_LECM_TM	RagTag.5036
LECRK	Kinase_LECM_TM	RagTag.3670
LECRK	Kinase_LECM_TM	RagTag.490
LECRK	Kinase_LECM_TM	RagTag.778
LECRK	Kinase_LECM_TM	RagTag.127
LECRK	Kinase_LECM_TM	RagTag.3091
LECRK	Kinase_LECM_TM	RagTag.3809
LECRK	Kinase_LECM_TM	RagTag.5157
LECRK	Kinase_LECM_TM	RagTag.1736
LECRK	Kinase_LECM_TM	RagTag.5029
LECRK	Kinase_LECM_TM	RagTag.910
LECRK	Kinase_LECM_TM	RagTag.1456
LECRK	Kinase_LECM_TM	RagTag.3815
LECRK	Kinase_LECM_TM	RagTag.1584
LECRK	Kinase_LECM_TM	RagTag.270
LECRK	Kinase_LECM_TM	RagTag.5014
LECRK	Kinase_LECM	RagTag.426
LECRK	Kinase_LECM_TM	RagTag.32
LECRK	Kinase_LECM_TM	RagTag.3937
LECRK	Kinase_LECM_TM	RagTag.1507
LECRK	Kinase_LECM_TM	RagTag.3933
LECRK	Kinase_LECM_TM	RagTag.3824
LECRK	Kinase_LECM_TM	RagTag.515
LECRK	Kinase_LECM_TM	RagTag.309
LECRK	Kinase_LECM_TM	RagTag.2138
LECRK	Kinase_LECM_TM	RagTag.298
LECRK	Kinase_LECM_TM	RagTag.141
LECRK	Kinase_LECM_TM	RagTag.5004
LECRK	Kinase_LECM_TM	RagTag.909
LECRK	Kinase_LECM_TM	RagTag.330
LECRK	Kinase_LECM_TM	RagTag.421
LECRK	Kinase_LECM_TM	RagTag.249
LECRK	Kinase_LECM_TM	RagTag.1595
L	LRR	RagTag.2859
L	LRR	RagTag.2806
L	LRR	RagTag.2526
L	LRR	RagTag.1199
L	LRR	RagTag.556
L	LRR	RagTag.3782
L	LRR	RagTag.245
L	LRR	2919.2
L	LRR	RagTag.124
L	LRR	RagTag.4623
L	LRR	1736.1
L	LRR	RagTag.275
L	LRR	RagTag.433
L	LRR	RagTag.5104
L	LRR	RagTag.3082
L	LRR	RagTag.3756
L	LRR	RagTag.2571
L	LRR	RagTag.2576
L	LRR	1757.2
L	LRR	RagTag.2865
L	LRR	RagTag.1528
L	LRR	RagTag.536
L	LRR	RagTag.3034
L	LRR	RagTag.2762
L	LRR	RagTag.1378
L	LRR	RagTag.4594
L	LRR	RagTag.440
L	LRR	RagTag.2538
L	LRR	RagTag.1064
L	LRR	RagTag.2645
L	LRR	RagTag.2728
L	LRR	RagTag.402
L	LRR	RagTag.1850
L	LRR	RagTag.2009
L	LRR	RagTag.1078
L	LRR	2503.1
L	LRR	RagTag.1564
L	LRR	RagTag.740
L	LRR	RagTag.56
L	LRR	RagTag.272
L	LRR	RagTag.3162
L	LRR	RagTag.2522
L	LRR	RagTag.547
L	LRR	RagTag.1504
L	LRR	RagTag.212
L	LRR	RagTag.3776
L	LRR	RagTag.4025
L	LRR	RagTag.412
L	LRR	3224.2
L	LRR	3224.1
L	LRR	RagTag.2665
L	LRR	RagTag.3183
N	NBS	RagTag.2567
N	NBS_TM	RagTag.1948
N	NBS_TM	RagTag.3459
N	NBS_TM	RagTag.3457
N	NBS_TM	RagTag.258
N	NBS	RagTag.95
N	NBS_TM	RagTag.105
N	NBS_TM	RagTag.183
N	NBS	RagTag.351
N	NBS_TM	RagTag.72
N	NBS	RagTag.453
N	NBS_TM	RagTag.3005
N	NBS	RagTag.2829
N	NBS	RagTag.2535
N	NBS	1501.1
N	NBS_TM	RagTag.1976
N	NBS_TM	RagTag.183
N	NBS_TM	RagTag.4060
N	NBS_TM	RagTag.1696
N	NBS	RagTag.1613
N	NBS	2402.1
N	NBS	2872.6
N	NBS_TM	RagTag.2487
N	NBS_TM	RagTag.2101
N	NBS	RagTag.5516
N	NBS	RagTag.1628
N	NBS_TM	RagTag.266
N	NBS_TM	RagTag.49
N	NBS_TM	RagTag.3608
N	NBS_TM	RagTag.5805
N	NBS_TM	RagTag.1982
N	NBS_TM	RagTag.1852
N	NBS	RagTag.1178
N	NBS	2609.2
N	NBS	RagTag.170
N	NBS_TM	RagTag.187
N	NBS	RagTag.2556
N	NBS_TM	RagTag.1968
N	NBS	RagTag.3478
N	NBS	RagTag.3510
N	NBS_TM	RagTag.808
N	NBS_TM	RagTag.3866
N	NBS_TM	RagTag.2678
N	NBS	RagTag.932
N	NBS_TM	RagTag.331
N	NBS	RagTag.419
N	NBS_TM	RagTag.443
CL	CC_LRR	RagTag.1415
CL	CC_LRR_TM	RagTag.2440
CL	CC_LRR_TM	RagTag.274
CL	CC_LRR_TM	RagTag.852
CL	CC_LRR	RagTag.2719
CL	CC_LRR	1462.7
CL	CC_LRR	RagTag.2684
CL	CC_LRR	RagTag.516
CL	CC_LRR_TM	RagTag.1509
TNL	LRR_NBS_TIR_TM	RagTag.3454
LEC	LECM_TM	RagTag.1126
LEC	LECM_TM	RagTag.1656
LEC	LECM	RagTag.2768
LEC	LECM_TM	RagTag.2767
LEC	LECM_TM	RagTag.2766
LEC	LECM_TM	RagTag.5141
LEC	LECM	RagTag.2681
LEC	LECM_TM	RagTag.1977
LEC	LECM_TM	RagTag.1186
LEC	LECM	RagTag.386
LEC	LECM_TM	RagTag.3652
LEC	LECM_TM	RagTag.1815
LEC	LECM_TM	RagTag.2143
LEC	LECM_TM	RagTag.185
LEC	LECM_TM	RagTag.792
LEC	LECM_TM	RagTag.3420
LEC	LECM_TM	RagTag.700
LEC	LECM_TM	RagTag.67
LEC	LECM	RagTag.570
LEC	LECM_TM	RagTag.428
LEC	LECM_TM	RagTag.355
LEC	LECM_TM	RagTag.452
LEC	LECM_TM	RagTag.3080
LEC	LECM_TM	RagTag.1513
LEC	LECM_TM	3074.1
LEC	LECM_TM	RagTag.3656
LEC	LECM_TM	RagTag.1401
LEC	LECM	RagTag.3148
LEC	LECM_TM	2031.3
CNT	CC_NBS_TIR_TM	RagTag.2303
CNT	CC_NBS_TIR_TM	RagTag.4027
CK	CC_Kinase_TM	RagTag.4369
CK	CC_Kinase_TM	RagTag.15
CK	CC_Kinase	RagTag.1586
CK	CC_Kinase_TM	RagTag.1754
CK	CC_Kinase	RagTag.1633
CK	CC_Kinase_TM	RagTag.51
CK	CC_Kinase_TM	RagTag.1097
CK	CC_Kinase	RagTag.3500
CK	CC_Kinase_TM	RagTag.4190
CK	CC_Kinase_TM	RagTag.486
CK	CC_Kinase	RagTag.1822
CK	CC_Kinase_TM	RagTag.3009
CK	CC_Kinase	RagTag.840
CK	CC_Kinase_TM	RagTag.1826
CK	CC_Kinase_TM	RagTag.6080
CK	CC_Kinase_TM	RagTag.1731
CK	CC_Kinase_TM	RagTag.413
CK	CC_Kinase_TM	RagTag.3449
CK	CC_Kinase	RagTag.2451
CK	CC_Kinase_TM	RagTag.2945
CK	CC_Kinase_TM	RagTag.2311
CK	CC_Kinase_TM	RagTag.2798
CK	CC_Kinase_TM	RagTag.4342
CK	CC_Kinase	RagTag.1569
CK	CC_Kinase	2246.2
CK	CC_Kinase_TM	RagTag.4184
CK	CC_Kinase_TM	RagTag.653
CK	CC_Kinase_TM	RagTag.66
CK	CC_Kinase	RagTag.247
CK	CC_Kinase_TM	RagTag.3724
CK	CC_Kinase	RagTag.607
CK	CC_Kinase_TM	RagTag.1465
CK	CC_Kinase_TM	RagTag.4016
CK	CC_Kinase_TM	RagTag.2161
CK	CC_Kinase_TM	RagTag.2587
CK	CC_Kinase_TM	RagTag.1818
CK	CC_Kinase_TM	RagTag.1761
CK	CC_Kinase_TM	RagTag.364
CK	CC_Kinase_TM	RagTag.3964
CN	CC_NBS_TM	RagTag.2481
CN	CC_NBS_TM	RagTag.3462
CN	CC_NBS_TM	RagTag.123
CN	CC_NBS_TM	RagTag.241
CN	CC_NBS_TM	RagTag.456
CN	CC_NBS	RagTag.221
CN	CC_NBS_TM	RagTag.1806
CN	CC_NBS	RagTag.5513
CN	CC_NBS_TM	RagTag.3405
CN	CC_NBS_TM	RagTag.435
CN	CC_NBS_TM	RagTag.434
CN	CC_NBS_TM	711.24
CN	CC_NBS_TM	RagTag.3618
CN	CC_NBS	677.2
CN	CC_NBS	RagTag.1149
CN	CC_NBS_TM	RagTag.6012
CN	CC_NBS_TM	RagTag.383
CN	CC_NBS_TM	RagTag.1019
CN	CC_NBS_TM	RagTag.3481
CN	CC_NBS_TM	RagTag.2569
CN	CC_NBS_TM	RagTag.3406
CN	CC_NBS_TM	RagTag.440
CN	CC_NBS_TM	RagTag.449
CN	CC_NBS_TM	RagTag.341
CNL	CC_LRR_NBS_TM	RagTag.1138
CNL	CC_LRR_NBS_TM	RagTag.3460
CNL	CC_LRR_NBS_TM	RagTag.220
CNL	CC_LRR_NBS_TM	RagTag.2634
CNL	CC_LRR_NBS_TM	RagTag.375
CNL	CC_LRR_NBS_TM	RagTag.470
CNL	CC_LRR_NBS_TM	RagTag.2109
CNL	CC_LRR_NBS_TM	RagTag.2100
CNL	CC_LRR_NBS_TM	RagTag.2101
CNL	CC_LRR_NBS_TM	RagTag.3480
CLK	CC_Kinase_LRR_TM	RagTag.391
CLK	CC_Kinase_LRR_TM	RagTag.2059
CLYS	CC_LYSM_TM	RagTag.1888
T	TIR	RagTag.4251
T	TIR_TM	RagTag.2975
T	TIR	RagTag.1935
T	TIR_TM	RagTag.1934
T	TIR_TM	RagTag.1933
T	TIR	RagTag.1946
T	TIR_TM	RagTag.5519
T	TIR_TM	3664.6
T	TIR	RagTag.5252
T	TIR_TM	RagTag.6213
T	TIR_TM	RagTag.214
T	TIR_TM	RagTag.457
CLYSK	CC_Kinase_LYSM_TM	RagTag.682
CLECRK	CC_Kinase_LECM_TM	RagTag.1734
CLECRK	CC_Kinase_LECM_TM	RagTag.1733
TL	LRR_TIR	RagTag.1164
